{
	"info": {
		"_postman_id": "562b4cc8-95fd-419d-9395-988123b53027",
		"name": "Payment-Management",
		"schema": "https://schema.getpostman.com/json/collection/v2.1.0/collection.json",
		"_exporter_id": "25121303"
	},
	"item": [
		{
			"name": "options",
			"request": {
				"method": "OPTIONS",
				"header": [
					{
						"key": "Accept",
						"value": "application/json",
						"type": "text"
					},
					{
						"key": "Content-Type",
						"value": "application/json",
						"type": "text"
					}
				],
				"body": {
					"mode": "raw",
					"raw": "{}",
					"options": {
						"raw": {
							"language": "json"
						}
					}
				},
				"url": {
					"raw": "http://localhost:9000/v1/payments",
					"protocol": "http",
					"host": [
						"localhost"
					],
					"port": "9000",
					"path": [
						"v1",
						"payments"
					]
				}
			},
			"response": []
		},
		{
			"name": "Featch All",
			"event": [
				{
					"listen": "test",
					"script": {
						"exec": [
							"\r",
							""
						],
						"type": "text/javascript"
					}
				}
			],
			"protocolProfileBehavior": {
				"disableBodyPruning": true
			},
			"request": {
				"method": "GET",
				"header": [
					{
						"key": "Accept",
						"value": "application/json",
						"type": "text"
					},
					{
						"key": "Content-Type",
						"value": "application/json",
						"type": "text"
					}
				],
				"body": {
					"mode": "raw",
					"raw": "",
					"options": {
						"raw": {
							"language": "json"
						}
					}
				},
				"url": {
					"raw": "http://localhost:9000/v1/payments",
					"protocol": "http",
					"host": [
						"localhost"
					],
					"port": "9000",
					"path": [
						"v1",
						"payments"
					]
				}
			},
			"response": []
		},
		{
			"name": "Create A Payment",
			"event": [
				{
					"listen": "test",
					"script": {
						"exec": [
							"var data=JSON.parse(responseBody);\r",
							"var id=data.data.id;\r",
							"postman.setEnvironmentVariable(\"payment_id\",id);\r",
							""
						],
						"type": "text/javascript"
					}
				}
			],
			"request": {
				"method": "POST",
				"header": [
					{
						"key": "Accept",
						"value": "application/json",
						"type": "text"
					},
					{
						"key": "Content-Type",
						"value": "application/json",
						"type": "text"
					}
				],
				"body": {
					"mode": "raw",
					"raw": "{\r\n  \"type\": \"Payment\",\r\n  \"organisation_id\": \"743d5b63-8e6f-432e-a8fa-c5d8d2ee5fcb\",\r\n  \"attributes\": {\r\n    \"amount\": \"100.21\",\r\n    \"beneficiary_party\": {\r\n      \"account_name\": \"W Owens\",\r\n      \"account_number\": \"31926819\",\r\n      \"account_number_code\": \"BBAN\",\r\n      \"account_type\": 0,\r\n      \"address\": \"1 The Beneficiary Localtown SE2\",\r\n      \"bank_id\": \"403000\",\r\n      \"bank_id_code\": \"GBDSC\",\r\n      \"name\": \"Wilfred Jeremiah Owens\"\r\n    },\r\n    \"charges_information\": {\r\n      \"bearer_code\": \"SHAR\",\r\n      \"sender_charges\": [\r\n        {\r\n          \"amount\": \"5.00\",\r\n          \"currency\": \"GBP\"\r\n        },\r\n        {\r\n          \"amount\": \"10.00\",\r\n          \"currency\": \"USD\"\r\n        }\r\n      ],\r\n      \"receiver_charges_amount\": \"1.00\",\r\n      \"receiver_charges_currency\": \"USD\"\r\n    },\r\n    \"currency\": \"GBP\",\r\n    \"debtor_party\": {\r\n      \"account_name\": \"EJ Brown Black\",\r\n      \"account_number\": \"GB29XABC10161234567801\",\r\n      \"account_number_code\": \"IBAN\",\r\n      \"address\": \"10 Debtor Crescent Sourcetown NE1\",\r\n      \"bank_id\": \"203301\",\r\n      \"bank_id_code\": \"GBDSC\",\r\n      \"name\": \"Emelia Jane Brown\"\r\n    },\r\n    \"end_to_end_reference\": \"Wil piano Jan\",\r\n    \"fx\": {\r\n      \"contract_reference\": \"FX123\",\r\n      \"exchange_rate\": \"2.00000\",\r\n      \"original_amount\": \"200.42\",\r\n      \"original_currency\": \"USD\"\r\n    },\r\n    \"numeric_reference\": \"1002001\",\r\n    \"payment_id\": \"123456789012345678\",\r\n    \"payment_purpose\": \"Paying for goods/services\",\r\n    \"payment_scheme\": \"FPS\",\r\n    \"payment_type\": \"Credit\",\r\n    \"processing_date\": \"2017-01-18\",\r\n    \"reference\": \"Payment for Em's piano lessons\",\r\n    \"scheme_payment_sub_type\": \"InternetBanking\",\r\n    \"scheme_payment_type\": \"ImmediatePayment\",\r\n    \"sponsor_party\": {\r\n      \"account_number\": \"56781234\",\r\n      \"bank_id\": \"123123\",\r\n      \"bank_id_code\": \"GBDSC\"\r\n    }\r\n  }\r\n}",
					"options": {
						"raw": {
							"language": "json"
						}
					}
				},
				"url": {
					"raw": "http://localhost:9000/v1/payments",
					"protocol": "http",
					"host": [
						"localhost"
					],
					"port": "9000",
					"path": [
						"v1",
						"payments"
					]
				}
			},
			"response": []
		},
		{
			"name": "Creat a Payment Validation Error",
			"request": {
				"method": "POST",
				"header": [
					{
						"key": "Accept",
						"value": "application/json",
						"type": "text"
					},
					{
						"key": "Content-Type",
						"value": "application/json",
						"type": "text"
					}
				],
				"body": {
					"mode": "raw",
					"raw": "{\r\n  \"organisation_id\": \"743d5b63-8e6f-432e-a8fa-c5d8d2ee5fcb\",\r\n  \"attributes\": {\r\n    \"beneficiary_party\": {\r\n      \"account_name\": \"W Owens\",\r\n      \"account_number\": \"31926819\",\r\n      \"account_number_code\": \"BBAN\",\r\n      \"account_type\": 0,\r\n      \"address\": \"1 The Beneficiary Localtown SE2\",\r\n      \"bank_id\": \"403000\",\r\n      \"bank_id_code\": \"GBDSC\",\r\n      \"name\": \"Wilfred Jeremiah Owens\"\r\n    },\r\n    \"charges_information\": {\r\n      \"bearer_code\": \"SHAR\",\r\n      \"sender_charges\": [\r\n        {\r\n          \"amount\": \"5.00\",\r\n          \"currency\": \"GBP\"\r\n        },\r\n        {\r\n          \"amount\": \"10.00\",\r\n          \"currency\": \"USD\"\r\n        }\r\n      ],\r\n      \"receiver_charges_amount\": \"1.00\",\r\n      \"receiver_charges_currency\": \"USD\"\r\n    },\r\n    \"currency\": \"GBP\",\r\n    \"debtor_party\": {\r\n      \"account_name\": \"EJ Brown Black\",\r\n      \"account_number\": \"GB29XABC10161234567801\",\r\n      \"account_number_code\": \"IBAN\",\r\n      \"address\": \"10 Debtor Crescent Sourcetown NE1\",\r\n      \"bank_id\": \"203301\",\r\n      \"bank_id_code\": \"GBDSC\",\r\n      \"name\": \"Emelia Jane Brown\"\r\n    },\r\n    \"end_to_end_reference\": \"Wil piano Jan\",\r\n    \"fx\": {\r\n      \"contract_reference\": \"FX123\",\r\n      \"exchange_rate\": \"2.00000\",\r\n      \"original_amount\": \"200.42\",\r\n      \"original_currency\": \"USD\"\r\n    },\r\n    \"numeric_reference\": \"1002001\",\r\n    \"payment_id\": \"123456789012345678\",\r\n    \"payment_purpose\": \"Paying for goods/services\",\r\n    \"payment_scheme\": \"FPS\",\r\n    \"payment_type\": \"Credit\",\r\n    \"processing_date\": \"2017-01-18\",\r\n    \"reference\": \"Payment for Em's piano lessons\",\r\n    \"scheme_payment_sub_type\": \"InternetBanking\",\r\n    \"scheme_payment_type\": \"ImmediatePayment\",\r\n    \"sponsor_party\": {\r\n      \"account_number\": \"56781234\",\r\n      \"bank_id\": \"123123\",\r\n      \"bank_id_code\": \"GBDSC\"\r\n    }\r\n  }\r\n}",
					"options": {
						"raw": {
							"language": "json"
						}
					}
				},
				"url": {
					"raw": "http://localhost:9000/v1/payments",
					"protocol": "http",
					"host": [
						"localhost"
					],
					"port": "9000",
					"path": [
						"v1",
						"payments"
					]
				}
			},
			"response": []
		},
		{
			"name": "Update Payment",
			"request": {
				"method": "PUT",
				"header": [
					{
						"key": "Accept",
						"value": "application/json",
						"type": "text"
					},
					{
						"key": "Content-Type",
						"value": "application/json",
						"type": "text"
					}
				],
				"body": {
					"mode": "raw",
					"raw": "{\r\n  \"type\": \"Payment\",\r\n  \"organisation_id\": \"743d5b63-8e6f-432e-a8fa-c5d8d2ee5fcb\",\r\n  \"attributes\": {\r\n    \"amount\": \"100.21\",\r\n    \"beneficiary_party\": {\r\n      \"account_name\": \"W Owens\",\r\n      \"account_number\": \"31926819\",\r\n      \"account_number_code\": \"BBAN\",\r\n      \"account_type\": 0,\r\n      \"address\": \"1 The Beneficiary Localtown SE2\",\r\n      \"bank_id\": \"403000\",\r\n      \"bank_id_code\": \"GBDSC\",\r\n      \"name\": \"Wilfred Jeremiah Owens\"\r\n    },\r\n    \"charges_information\": {\r\n      \"bearer_code\": \"SHAR\",\r\n      \"sender_charges\": [\r\n        {\r\n          \"amount\": \"5.00\",\r\n          \"currency\": \"GBP\"\r\n        },\r\n        {\r\n          \"amount\": \"10.00\",\r\n          \"currency\": \"USD\"\r\n        }\r\n      ],\r\n      \"receiver_charges_amount\": \"1.00\",\r\n      \"receiver_charges_currency\": \"USD\"\r\n    },\r\n    \"currency\": \"GBP\",\r\n    \"debtor_party\": {\r\n      \"account_name\": \"EJ Brown Black\",\r\n      \"account_number\": \"GB29XABC10161234567801\",\r\n      \"account_number_code\": \"IBAN\",\r\n      \"address\": \"10 Debtor Crescent Sourcetown NE1\",\r\n      \"bank_id\": \"203301\",\r\n      \"bank_id_code\": \"GBDSC\",\r\n      \"name\": \"Emelia Jane Brown\"\r\n    },\r\n    \"end_to_end_reference\": \"Wil piano Jan\",\r\n    \"fx\": {\r\n      \"contract_reference\": \"FX123\",\r\n      \"exchange_rate\": \"2.00000\",\r\n      \"original_amount\": \"200.42\",\r\n      \"original_currency\": \"USD\"\r\n    },\r\n    \"numeric_reference\": \"1002001\",\r\n    \"payment_id\": \"123456789012345678\",\r\n    \"payment_purpose\": \"Paying for goods/services\",\r\n    \"payment_scheme\": \"FPS\",\r\n    \"payment_type\": \"Credit\",\r\n    \"processing_date\": \"2017-01-18\",\r\n    \"reference\": \"Payment for Em's piano lessons\",\r\n    \"scheme_payment_sub_type\": \"InternetBanking\",\r\n    \"scheme_payment_type\": \"ImmediatePayment\",\r\n    \"sponsor_party\": {\r\n      \"account_number\": \"56781234\",\r\n      \"bank_id\": \"123123\",\r\n      \"bank_id_code\": \"GBDSC\"\r\n    }\r\n  }\r\n}",
					"options": {
						"raw": {
							"language": "json"
						}
					}
				},
				"url": {
					"raw": "http://localhost:9000/v1/payments/{{payment_id}}",
					"protocol": "http",
					"host": [
						"localhost"
					],
					"port": "9000",
					"path": [
						"v1",
						"payments",
						"{{payment_id}}"
					]
				}
			},
			"response": []
		},
		{
			"name": "Error Scenario 1",
			"request": {
				"method": "PUT",
				"header": [
					{
						"key": "Accept",
						"value": "application/json",
						"type": "text"
					},
					{
						"key": "Content-Type",
						"value": "application/json",
						"type": "text"
					}
				],
				"body": {
					"mode": "raw",
					"raw": "{\r\n  \"type\": \"Payment\",\r\n  \"organisation_id\": \"743d5b63-8e6f-432e-a8fa-c5d8d2ee5fcb\",\r\n  \"attributes\": {\r\n    \"beneficiary_party\": {\r\n      \"account_name\": \"W Owens\",\r\n      \"account_number\": \"31926819\",\r\n      \"account_number_code\": \"BBAN\",\r\n      \"account_type\": 0,\r\n      \"address\": \"1 The Beneficiary Localtown SE2\",\r\n      \"bank_id\": \"403000\",\r\n      \"bank_id_code\": \"GBDSC\",\r\n      \"name\": \"Wilfred Jeremiah Owens\"\r\n    },\r\n    \"charges_information\": {\r\n      \"bearer_code\": \"SHAR\",\r\n      \"sender_charges\": [\r\n        {\r\n          \"amount\": \"5.00\",\r\n          \"currency\": \"GBP\"\r\n        },\r\n        {\r\n          \"amount\": \"10.00\",\r\n          \"currency\": \"USD\"\r\n        }\r\n      ],\r\n      \"receiver_charges_amount\": \"1.00\",\r\n      \"receiver_charges_currency\": \"USD\"\r\n    },\r\n    \"currency\": \"GBP\",\r\n    \"debtor_party\": {\r\n      \"account_name\": \"EJ Brown Black\",\r\n      \"account_number\": \"GB29XABC10161234567801\",\r\n      \"account_number_code\": \"IBAN\",\r\n      \"address\": \"10 Debtor Crescent Sourcetown NE1\",\r\n      \"bank_id\": \"203301\",\r\n      \"bank_id_code\": \"GBDSC\",\r\n      \"name\": \"Emelia Jane Brown\"\r\n    },\r\n    \"end_to_end_reference\": \"Wil piano Jan\",\r\n    \"fx\": {\r\n      \"contract_reference\": \"FX123\",\r\n      \"exchange_rate\": \"2.00000\",\r\n      \"original_amount\": \"200.42\",\r\n      \"original_currency\": \"USD\"\r\n    },\r\n    \"numeric_reference\": \"1002001\",\r\n    \"payment_id\": \"123456789012345678\",\r\n    \"payment_purpose\": \"Paying for goods/services\",\r\n    \"payment_scheme\": \"FPS\",\r\n    \"payment_type\": \"Credit\",\r\n    \"processing_date\": \"2017-01-18\",\r\n    \"reference\": \"Payment for Em's piano lessons\",\r\n    \"scheme_payment_sub_type\": \"InternetBanking\",\r\n    \"scheme_payment_type\": \"ImmediatePayment\",\r\n    \"sponsor_party\": {\r\n      \"account_number\": \"56781234\",\r\n      \"bank_id\": \"123123\",\r\n      \"bank_id_code\": \"GBDSC\"\r\n    }\r\n  }\r\n}",
					"options": {
						"raw": {
							"language": "json"
						}
					}
				},
				"url": {
					"raw": "http://localhost:9000/v1/payments/c0976ea5-c949-4794-971e-897e1543e464",
					"protocol": "http",
					"host": [
						"localhost"
					],
					"port": "9000",
					"path": [
						"v1",
						"payments",
						"c0976ea5-c949-4794-971e-897e1543e464"
					]
				}
			},
			"response": []
		},
		{
			"name": "Error Scenari 2",
			"request": {
				"method": "PUT",
				"header": [
					{
						"key": "Accept",
						"value": "application/json",
						"type": "text"
					},
					{
						"key": "Content-Type",
						"value": "application/json",
						"type": "text"
					}
				],
				"body": {
					"mode": "raw",
					"raw": "{\r\n  \"type\": \"Payment\",\r\n  \"organisation_id\": \"743d5b63-8e6f-432e-a8fa-c5d8d2ee5fcb\",\r\n  \"attributes\": {\r\n    \"amount\": \"100.21\",\r\n    \"beneficiary_party\": {\r\n      \"account_name\": \"W Owens\",\r\n      \"account_number\": \"31926819\",\r\n      \"account_number_code\": \"BBAN\",\r\n      \"account_type\": 0,\r\n      \"address\": \"1 The Beneficiary Localtown SE2\",\r\n      \"bank_id\": \"403000\",\r\n      \"bank_id_code\": \"GBDSC\",\r\n      \"name\": \"Wilfred Jeremiah Owens\"\r\n    },\r\n    \"charges_information\": {\r\n      \"bearer_code\": \"SHAR\",\r\n      \"sender_charges\": [\r\n        {\r\n          \"amount\": \"5.00\",\r\n          \"currency\": \"GBP\"\r\n        },\r\n        {\r\n          \"amount\": \"10.00\",\r\n          \"currency\": \"USD\"\r\n        }\r\n      ],\r\n      \"receiver_charges_amount\": \"1.00\",\r\n      \"receiver_charges_currency\": \"USD\"\r\n    },\r\n    \"currency\": \"GBP\",\r\n    \"debtor_party\": {\r\n      \"account_name\": \"EJ Brown Black\",\r\n      \"account_number\": \"GB29XABC10161234567801\",\r\n      \"account_number_code\": \"IBAN\",\r\n      \"address\": \"10 Debtor Crescent Sourcetown NE1\",\r\n      \"bank_id\": \"203301\",\r\n      \"bank_id_code\": \"GBDSC\",\r\n      \"name\": \"Emelia Jane Brown\"\r\n    },\r\n    \"end_to_end_reference\": \"Wil piano Jan\",\r\n    \"fx\": {\r\n      \"contract_reference\": \"FX123\",\r\n      \"exchange_rate\": \"2.00000\",\r\n      \"original_amount\": \"200.42\",\r\n      \"original_currency\": \"USD\"\r\n    },\r\n    \"numeric_reference\": \"1002001\",\r\n    \"payment_id\": \"123456789012345678\",\r\n    \"payment_purpose\": \"Paying for goods/services\",\r\n    \"payment_scheme\": \"FPS\",\r\n    \"payment_type\": \"Credit\",\r\n    \"processing_date\": \"2017-01-18\",\r\n    \"reference\": \"Payment for Em's piano lessons\",\r\n    \"scheme_payment_sub_type\": \"InternetBanking\",\r\n    \"scheme_payment_type\": \"ImmediatePayment\",\r\n    \"sponsor_party\": {\r\n      \"account_number\": \"56781234\",\r\n      \"bank_id\": \"123123\",\r\n      \"bank_id_code\": \"GBDSC\"\r\n    }\r\n  }\r\n}",
					"options": {
						"raw": {
							"language": "json"
						}
					}
				},
				"url": {
					"raw": "http://localhost:9000/v1/payments/non-existing-id",
					"protocol": "http",
					"host": [
						"localhost"
					],
					"port": "9000",
					"path": [
						"v1",
						"payments",
						"non-existing-id"
					]
				}
			},
			"response": []
		},
		{
			"name": "Delete",
			"request": {
				"method": "DELETE",
				"header": [
					{
						"key": "Accept",
						"value": "application/json",
						"type": "text"
					},
					{
						"key": "Content-Type",
						"value": "application/json",
						"type": "text"
					}
				],
				"body": {
					"mode": "raw",
					"raw": "",
					"options": {
						"raw": {
							"language": "json"
						}
					}
				},
				"url": {
					"raw": "http://localhost:9000/v1/payments/{{payment_id}}",
					"protocol": "http",
					"host": [
						"localhost"
					],
					"port": "9000",
					"path": [
						"v1",
						"payments",
						"{{payment_id}}"
					]
				}
			},
			"response": []
		},
		{
			"name": "Delete no id",
			"request": {
				"method": "DELETE",
				"header": [
					{
						"key": "Accept",
						"value": "application/json",
						"type": "text"
					},
					{
						"key": "Content-Type",
						"value": "application/json",
						"type": "text"
					}
				],
				"body": {
					"mode": "raw",
					"raw": "",
					"options": {
						"raw": {
							"language": "json"
						}
					}
				},
				"url": {
					"raw": "http://localhost:9000/v1/payments/3838-3885",
					"protocol": "http",
					"host": [
						"localhost"
					],
					"port": "9000",
					"path": [
						"v1",
						"payments",
						"3838-3885"
					]
				}
			},
			"response": []
		},
		{
			"name": "Featch Single Data",
			"protocolProfileBehavior": {
				"disableBodyPruning": true
			},
			"request": {
				"method": "GET",
				"header": [
					{
						"key": "Accept",
						"value": "application/json",
						"type": "text"
					},
					{
						"key": "Content-Type",
						"value": "application/json",
						"type": "text"
					}
				],
				"body": {
					"mode": "raw",
					"raw": "",
					"options": {
						"raw": {
							"language": "json"
						}
					}
				},
				"url": {
					"raw": "http://localhost:9000/v1/payments/{{payment_id}}",
					"protocol": "http",
					"host": [
						"localhost"
					],
					"port": "9000",
					"path": [
						"v1",
						"payments",
						"{{payment_id}}"
					]
				}
			},
			"response": []
		}
	]
}